{
    "model_name": "Traffic-Net Classifier",
    "version": "1.0",
    "created_at": "2025-11-25T10:08:40.205760",
    "architecture": "MobileNetV2 + Custom Layers",
    "input_shape": [
        224,
        224,
        3
    ],
    "num_classes": 4,
    "class_names": [
        "sparse_traffic",
        "dense_traffic",
        "accident",
        "fire"
    ],
    "metrics": {
        "test_accuracy": 0.9212499856948853,
        "test_precision": 0.9266750812530518,
        "test_recall": 0.9162499904632568,
        "test_f1_score": 0.9214330494401649,
        "test_auc": 0.9877430200576782,
        "test_loss": 0.570192277431488
    },
    "training_samples": 3600,
    "test_samples": 800
}